<?xml version="1.0" encoding="UTF-8" ?>

<!DOCTYPE module_updates PUBLIC "-//NetBeans//DTD Autoupdate Catalog 2.6//EN" "http://www.netbeans.org/dtds/autoupdate-catalog-2_6.dtd">
<module_updates timestamp="30/01/23/17/04/2016">



<module autoload="true" codenamebase="org.netbeans.modules.javame.lib.memmonitor" distribution="org-netbeans-modules-javame-lib-memmonitor.nbm" downloadsize="22774" homepage="" license="729249C5" moduleauthor="" needsrestart="false" releasedate="2016/04/17">
    <manifest AutoUpdate-Show-In-Client="false" OpenIDE-Module="org.netbeans.modules.javame.lib.memmonitor" OpenIDE-Module-Implementation-Version="160417" OpenIDE-Module-Java-Dependencies="Java &gt; 1.4" OpenIDE-Module-Name="Memory Monitor Library" OpenIDE-Module-Requires="org.openide.modules.ModuleFormat1" OpenIDE-Module-Specification-Version="8.3"/>
    
</module>

<module_group name="Java ME SDK Tools">

<module codenamebase="org.netbeans.modules.javame.javahelp" distribution="org-netbeans-modules-javame-javahelp.nbm" downloadsize="50716" homepage="" license="729249C5" moduleauthor="" needsrestart="false" releasedate="2016/04/17">
    <manifest AutoUpdate-Essential-Module="false" AutoUpdate-Show-In-Client="false" OpenIDE-Module="org.netbeans.modules.javame.javahelp" OpenIDE-Module-Display-Category="Java ME SDK Tools" OpenIDE-Module-Implementation-Version="160417" OpenIDE-Module-Java-Dependencies="Java &gt; 1.5" OpenIDE-Module-Module-Dependencies="org.openide.util.lookup &gt; 8.3, org.openide.modules &gt; 7.40, org.netbeans.modules.javahelp/1 &gt; 2.35, org.netbeans.modules.javame.common &gt; 8.3" OpenIDE-Module-Name="Common Help" OpenIDE-Module-Requires="org.netbeans.api.javahelp.Help, org.openide.modules.ModuleFormat1" OpenIDE-Module-Specification-Version="8.3"/>
    
</module>

<module codenamebase="org.netbeans.modules.javame.skincreator" distribution="org-netbeans-modules-javame-skincreator.nbm" downloadsize="22352" homepage="" license="729249C5" moduleauthor="" needsrestart="false" releasedate="2016/04/17">
    <manifest AutoUpdate-Show-In-Client="false" OpenIDE-Module="org.netbeans.modules.javame.skincreator" OpenIDE-Module-Display-Category="Java ME SDK Tools" OpenIDE-Module-Implementation-Version="160417" OpenIDE-Module-Java-Dependencies="Java &gt; 1.6" OpenIDE-Module-Module-Dependencies="org.netbeans.modules.javahelp/1 &gt; 2.24, org.netbeans.modules.javame.common &gt; 8.3, org.netbeans.modules.javame.lib.remoting &gt; 8.3, org.netbeans.modules.javame.lib.deviceregistry &gt; 8.3, org.netbeans.modules.javame.lib.skincreator_standalone &gt; 8.3, org.netbeans.modules.options.api/1 &gt; 1.18.1, org.openide.awt &gt; 7.23.1, org.openide.io &gt; 1.23.1, org.openide.modules &gt; 7.17.1, org.openide.util &gt; 8.19, org.openide.util.lookup &gt; 8.11, org.openide.windows &gt; 6.33.1" OpenIDE-Module-Name="Custom Device Editor" OpenIDE-Module-Requires="org.openide.modules.ModuleFormat1" OpenIDE-Module-Specification-Version="8.3"/>
    
</module>

<module autoload="true" codenamebase="org.netbeans.modules.javame.lib.skincreator_standalone" distribution="org-netbeans-modules-javame-lib-skincreator_standalone.nbm" downloadsize="455357" homepage="" license="729249C5" moduleauthor="" needsrestart="false" releasedate="2016/04/17">
    <manifest AutoUpdate-Show-In-Client="false" OpenIDE-Module="org.netbeans.modules.javame.lib.skincreator_standalone" OpenIDE-Module-Display-Category="Java ME SDK Tools" OpenIDE-Module-Implementation-Version="160417" OpenIDE-Module-Java-Dependencies="Java &gt; 1.4" OpenIDE-Module-Name="Custom Device Editor Core" OpenIDE-Module-Requires="org.openide.modules.ModuleFormat1" OpenIDE-Module-Specification-Version="8.3"/>
    
</module>

<module codenamebase="org.netbeans.modules.javame.devicemanager" distribution="org-netbeans-modules-javame-devicemanager.nbm" downloadsize="22281" homepage="" license="729249C5" moduleauthor="" needsrestart="false" releasedate="2016/04/17">
    <manifest AutoUpdate-Show-In-Client="false" OpenIDE-Module="org.netbeans.modules.javame.devicemanager" OpenIDE-Module-Display-Category="Java ME SDK Tools" OpenIDE-Module-Implementation-Version="160417" OpenIDE-Module-Java-Dependencies="Java &gt; 1.6" OpenIDE-Module-Module-Dependencies="org.netbeans.modules.javame.common &gt; 8.3, org.openide.awt &gt; 7.23.1, org.openide.util &gt; 8.6.1, org.openide.windows &gt; 6.33.1" OpenIDE-Module-Name="Device Manager" OpenIDE-Module-Requires="org.openide.modules.ModuleFormat1" OpenIDE-Module-Specification-Version="8.3"/>
    
</module>

<module codenamebase="org.netbeans.modules.javame.deviceselector" distribution="org-netbeans-modules-javame-deviceselector.nbm" downloadsize="64705" homepage="" license="729249C5" moduleauthor="" needsrestart="false" releasedate="2016/04/17">
    <manifest AutoUpdate-Essential-Module="false" AutoUpdate-Show-In-Client="false" OpenIDE-Module="org.netbeans.modules.javame.deviceselector" OpenIDE-Module-Display-Category="Java ME SDK Tools" OpenIDE-Module-Implementation-Version="160417" OpenIDE-Module-Java-Dependencies="Java &gt; 1.5" OpenIDE-Module-Module-Dependencies="org.netbeans.modules.javame.memprof &gt; 8.3, org.netbeans.api.mobility &gt; 8.3.1, org.netbeans.modules.java.platform/1 &gt; 1.11, org.netbeans.modules.javame.common &gt; 8.3, org.netbeans.modules.javame.lib.deviceregistry &gt; 8.3, org.netbeans.modules.javame.lib.remoting &gt; 8.3, org.netbeans.modules.javame.securityeditor &gt; 8.3, org.netbeans.modules.javame.lib.securityeditor_standalone &gt; 8.3, org.netbeans.modules.mobility.cldcplatform &gt; 1.8.1, org.netbeans.modules.options.api/1 &gt; 1.12.1, org.netbeans.modules.project.ant/1 &gt; 1.24, org.netbeans.modules.projectapi/1 &gt; 1.19, org.netbeans.modules.projectuiapi/1 &gt; 1.33, org.openide.actions &gt; 6.8.0.1, org.openide.awt &gt; 7.2.0.1, org.openide.dialogs &gt; 7.8.1, org.openide.explorer &gt; 6.15, org.openide.filesystems &gt; 7.12.0.1.1, org.openide.nodes &gt; 7.5.0.1, org.openide.util &gt; 7.15.0.1, org.openide.util.lookup &gt; 8.3, org.openide.windows &gt; 6.23, org.netbeans.modules.javame.lib.jsr205 &gt; 8.3, org.netbeans.modules.javame.jsr205 &gt; 8.3" OpenIDE-Module-Name="Device Selector" OpenIDE-Module-Requires="org.openide.modules.ModuleFormat1" OpenIDE-Module-Specification-Version="8.3"/>
    
</module>

<module codenamebase="org.netbeans.modules.javame.platform.jme_sdk" distribution="org-netbeans-modules-javame-platform-jme_sdk.nbm" downloadsize="25956" homepage="" license="729249C5" moduleauthor="" needsrestart="false" releasedate="2016/04/17">
    <manifest AutoUpdate-Show-In-Client="false" OpenIDE-Module="org.netbeans.modules.javame.platform.jme_sdk" OpenIDE-Module-Display-Category="Java ME SDK Tools" OpenIDE-Module-Implementation-Version="160417" OpenIDE-Module-Java-Dependencies="Java &gt; 1.5" OpenIDE-Module-Module-Dependencies="org.netbeans.modules.java.platform/1 &gt; 1.11, org.netbeans.modules.javame.common &gt; 8.3, org.netbeans.modules.javame.deviceselector &gt; 8.3, org.netbeans.modules.javame.lib.deviceregistry &gt; 8.3, org.netbeans.modules.mobility.cldcplatform &gt; 1.4, org.netbeans.modules.projectapi/1 &gt; 1.19, org.openide.filesystems &gt; 6.4.1, org.openide.loaders &gt; 7.1, org.openide.modules &gt; 7.7, org.openide.util &gt; 6.8.1, org.openide.util.lookup &gt; 8.3, org.openide.windows &gt; 6.24" OpenIDE-Module-Name="Java ME CLDC Platform Support" OpenIDE-Module-Requires="org.openide.modules.ModuleFormat1" OpenIDE-Module-Specification-Version="8.3"/>
    
</module>

<module autoload="true" codenamebase="org.netbeans.modules.javame.lib.bootstrap" distribution="org-netbeans-modules-javame-lib-bootstrap.nbm" downloadsize="49504" homepage="" license="729249C5" moduleauthor="" needsrestart="false" releasedate="2016/04/17">
    <manifest AutoUpdate-Show-In-Client="false" OpenIDE-Module="org.netbeans.modules.javame.lib.bootstrap" OpenIDE-Module-Display-Category="Java ME SDK Tools" OpenIDE-Module-Implementation-Version="160417" OpenIDE-Module-Java-Dependencies="Java &gt; 1.4" OpenIDE-Module-Module-Dependencies="org.netbeans.modules.javame.lib.log4j &gt; 8.3" OpenIDE-Module-Name="Java ME SDK Bootstrap Library" OpenIDE-Module-Requires="org.openide.modules.ModuleFormat1" OpenIDE-Module-Specification-Version="8.3"/>
    
</module>

<module codenamebase="org.netbeans.modules.javame.profiler" distribution="org-netbeans-modules-javame-profiler.nbm" downloadsize="32109" homepage="http://java.sun.com/javame/downloads/sdk30.jsp" license="729249C5" moduleauthor="Sun Microsystems" needsrestart="false" releasedate="2016/04/17">
    <manifest AutoUpdate-Essential-Module="false" AutoUpdate-Show-In-Client="false" OpenIDE-Module="org.netbeans.modules.javame.profiler" OpenIDE-Module-Display-Category="Java ME SDK Tools" OpenIDE-Module-Implementation-Version="160417" OpenIDE-Module-Java-Dependencies="Java &gt; 1.5" OpenIDE-Module-Long-Description="Java ME SDK supports offline profiling. Data is collected during the emulation session. After you close the emulator a profiler data snapshot is written to a file.&lt;p&gt;This module allows to open Java ME SDK CPU profiler snapshot file. When Java ME SDK CPU Profiler Snapshot Viewer module is installed, new action 'Import CPU Profiler Snapshot...' is added to the application Java ME menu. Java ME SDK CPU profiler snapshot file can be opened and inspected by this action." OpenIDE-Module-Module-Dependencies="org.netbeans.api.progress/1 &gt; 1.46.1, org.netbeans.lib.profiler/1 &gt; 1.79, org.netbeans.lib.profiler.common/1 &gt; 1.17.2, org.netbeans.modules.javame.common &gt; 8.3, org.netbeans.modules.javame.lib.deviceregistry &gt; 8.3, org.netbeans.modules.javame.lib.remoting &gt; 8.3, org.netbeans.modules.javame.profiler.api &gt; 8.3, org.netbeans.modules.javame.profiler.j2me &gt; 8.3, org.netbeans.modules.profiler/1-3 &gt; 2.1.1, org.netbeans.modules.projectapi/1 &gt; 1.31, org.openide.awt &gt; 7.46.1, org.openide.dialogs &gt; 7.10.1, org.openide.filesystems &gt; 7.11.0.1.1, org.openide.loaders &gt; 7.37.1, org.openide.modules &gt; 7.10.1, org.openide.nodes &gt; 7.28.1, org.openide.util &gt; 7.17.0.1, org.openide.util.lookup &gt; 8.3, org.openide.windows &gt; 6.24" OpenIDE-Module-Name="Java ME SDK CPU Profiler Snapshot Viewer" OpenIDE-Module-Requires="org.openide.modules.ModuleFormat1" OpenIDE-Module-Short-Description="Allows to open Java ME SDK CPU profiler snapshot file." OpenIDE-Module-Specification-Version="8.3"/>
    
</module>

<module codenamebase="org.netbeans.modules.javame.demos" distribution="org-netbeans-modules-javame-demos.nbm" downloadsize="515504" homepage="http://www.oracle.com/technetwork/java/embedded/javame/index.html" license="729249C5" moduleauthor="" needsrestart="false" releasedate="2016/04/17">
    <manifest AutoUpdate-Show-In-Client="true" OpenIDE-Module="org.netbeans.modules.javame.demos" OpenIDE-Module-Display-Category="Java ME SDK Tools" OpenIDE-Module-Implementation-Version="160417" OpenIDE-Module-Java-Dependencies="Java &gt; 1.6" OpenIDE-Module-Long-Description="&lt;p&gt;Contains samples that demonstrate the features of Java ME platform. All the samples come with source codes. The samples are updated and more samples are added, so that you can keep up with the latest platform features.&lt;/p&gt;&lt;p&gt;&lt;b&gt;Supported Version:&lt;/b&gt; Java ME SDK 8.3&lt;/p&gt;" OpenIDE-Module-Module-Dependencies="org.netbeans.modules.j2me.project &gt; 1.9.1, org.netbeans.modules.projectuiapi/1 &gt; 1.75.0.8, org.netbeans.modules.javame.kit &gt; 8.3, org.openide.awt &gt; 7.60, org.openide.dialogs &gt; 7.35, org.openide.util &gt; 8.35, org.openide.windows &gt; 6.67, org.netbeans.modules.javame.common &gt; 8.3, org.netbeans.modules.javame.lib.remoting &gt; 8.3, org.netbeans.modules.javame.lib.deviceregistry &gt; 8.3" OpenIDE-Module-Name="Java ME SDK Demos" OpenIDE-Module-Requires="org.openide.modules.ModuleFormat1" OpenIDE-Module-Short-Description="Java ME SDK Demos" OpenIDE-Module-Specification-Version="8.3"/>
    
</module>

<module autoload="true" codenamebase="org.netbeans.modules.javame.lib.deviceregistry" distribution="org-netbeans-modules-javame-lib-deviceregistry.nbm" downloadsize="803302" homepage="" license="729249C5" moduleauthor="" needsrestart="false" releasedate="2016/04/17">
    <manifest AutoUpdate-Show-In-Client="false" OpenIDE-Module="org.netbeans.modules.javame.lib.deviceregistry" OpenIDE-Module-Display-Category="Java ME SDK Tools" OpenIDE-Module-Implementation-Version="160417" OpenIDE-Module-Java-Dependencies="Java &gt; 1.4" OpenIDE-Module-Module-Dependencies="org.netbeans.modules.javame.lib.memmonitor &gt; 8.3, org.netbeans.modules.javame.lib.netmon &gt; 8.3" OpenIDE-Module-Name="Java ME SDK Device Registry Library" OpenIDE-Module-Requires="org.openide.modules.ModuleFormat1" OpenIDE-Module-Specification-Version="8.3"/>
    
</module>

<module autoload="true" codenamebase="org.netbeans.modules.javame.lib.remoting" distribution="org-netbeans-modules-javame-lib-remoting.nbm" downloadsize="38537" homepage="" license="729249C5" moduleauthor="" needsrestart="false" releasedate="2016/04/17">
    <manifest AutoUpdate-Show-In-Client="false" OpenIDE-Module="org.netbeans.modules.javame.lib.remoting" OpenIDE-Module-Display-Category="Java ME SDK Tools" OpenIDE-Module-Implementation-Version="160417" OpenIDE-Module-Java-Dependencies="Java &gt; 1.4" OpenIDE-Module-Module-Dependencies="org.netbeans.modules.javame.lib.log4j &gt; 8.3, org.netbeans.modules.javame.lib.deviceregistry &gt; 8.3, org.netbeans.modules.javame.lib.netmon &gt; 8.3" OpenIDE-Module-Name="Java ME SDK Remoting Library" OpenIDE-Module-Requires="org.openide.modules.ModuleFormat1" OpenIDE-Module-Specification-Version="8.3"/>
    
</module>

<module codenamebase="org.netbeans.modules.javame.kit" distribution="org-netbeans-modules-javame-kit.nbm" downloadsize="20919" homepage="http://www.oracle.com/technetwork/java/embedded/javame/index.html" license="729249C5" moduleauthor="" needsrestart="true" releasedate="2016/04/17">
    <manifest AutoUpdate-Show-In-Client="true" OpenIDE-Module="org.netbeans.modules.javame.kit" OpenIDE-Module-Display-Category="Java ME SDK Tools" OpenIDE-Module-Implementation-Version="160417" OpenIDE-Module-Java-Dependencies="Java &gt; 1.5" OpenIDE-Module-Long-Description="&lt;p&gt;Contains tools that boost your productivity when you use Java ME SDK, such as Device Selector, CPU Profiler, Memory Monitor, Custom Device Editor, and Memory Monitor. The CPU profiler figures out how much time was spent in each method and how many times each method was called. The Memory Monitor shows memory use as an application runs. The Network Monitor monitors network traffic via HTTP, HTTPS, socket or datagram protocols.&lt;/p&gt;&lt;p&gt;&lt;b&gt;Supported Version:&lt;/b&gt; Java ME SDK 8.3&lt;/p&gt;" OpenIDE-Module-Module-Dependencies="org.netbeans.modules.javame.devicemanager &gt; 8.3, org.netbeans.modules.javame.deviceselector &gt; 8.3, org.netbeans.modules.javame.javahelp &gt; 8.3, org.netbeans.modules.javame.jsr205 &gt; 8.3, org.netbeans.modules.javame.skincreator &gt; 8.3, org.netbeans.modules.javame.memprof &gt; 8.3, org.netbeans.modules.javame.netmon &gt; 8.3, org.netbeans.modules.javame.platform.jme_sdk &gt; 8.3, org.netbeans.modules.javame.profiler &gt; 8.3, org.netbeans.modules.javame.toolbar &gt; 8.3, org.netbeans.modules.javame.updatecenter &gt; 8.3, org.netbeans.modules.javame.welcome &gt; 8.3, org.netbeans.modules.j2me.kit &gt; 1.0" OpenIDE-Module-Name="Java ME SDK Tools" OpenIDE-Module-Requires="org.openide.modules.ModuleFormat1" OpenIDE-Module-Short-Description="Java ME SDK Tools" OpenIDE-Module-Specification-Version="8.3"/>
    
</module>

<module codenamebase="org.netbeans.modules.javame.toolbar" distribution="org-netbeans-modules-javame-toolbar.nbm" downloadsize="20736" homepage="" license="729249C5" moduleauthor="" needsrestart="false" releasedate="2016/04/17">
    <manifest AutoUpdate-Essential-Module="false" AutoUpdate-Show-In-Client="false" OpenIDE-Module="org.netbeans.modules.javame.toolbar" OpenIDE-Module-Display-Category="Java ME SDK Tools" OpenIDE-Module-Implementation-Version="160417" OpenIDE-Module-Java-Dependencies="Java &gt; 1.5" OpenIDE-Module-Module-Dependencies="org.apache.tools.ant.module/3 &gt; 3.32.0.2, org.netbeans.modules.javahelp/1 &gt; 2.11.1, org.netbeans.modules.javame.common &gt; 8.3, org.netbeans.modules.options.api/1 &gt; 1.10, org.netbeans.modules.project.ant/1 &gt; 1.25, org.netbeans.modules.projectapi/1 &gt; 1.13, org.netbeans.modules.projectuiapi/1 &gt; 1.24.0.6, org.openide.awt &gt; 6.5, org.openide.dialogs &gt; 7.8.1, org.openide.execution &gt; 1.12, org.openide.filesystems &gt; 6.2, org.openide.loaders &gt; 5.5, org.openide.modules &gt; 6.2, org.openide.nodes &gt; 6.5, org.openide.util &gt; 6.4, org.openide.util.lookup &gt; 8.3, org.openide.windows &gt; 6.2, org.netbeans.modules.javame.profiler.j2me &gt; 8.3" OpenIDE-Module-Name="Java ME SDK Tools Core" OpenIDE-Module-Requires="org.openide.modules.ModuleFormat1" OpenIDE-Module-Specification-Version="8.3"/>
    
</module>

<module codenamebase="org.netbeans.modules.javame.updatecenter" distribution="org-netbeans-modules-javame-updatecenter.nbm" downloadsize="22400" homepage="" license="729249C5" moduleauthor="" needsrestart="false" releasedate="2016/04/17">
    <manifest AutoUpdate-Show-In-Client="false" OpenIDE-Module="org.netbeans.modules.javame.updatecenter" OpenIDE-Module-Display-Category="Java ME SDK Tools" OpenIDE-Module-Implementation-Version="160417" OpenIDE-Module-Java-Dependencies="Java &gt; 1.6" OpenIDE-Module-Module-Dependencies="org.netbeans.modules.javahelp/1 &gt; 2.24, org.netbeans.modules.javame.common &gt; 8.3, org.netbeans.modules.javame.lib.deviceregistry &gt; 8.3, org.netbeans.modules.javame.lib.uc_standalone &gt; 8.3, org.netbeans.modules.options.api/1 &gt; 1.18.1, org.openide.awt &gt; 7.23.1, org.openide.io &gt; 1.23.1, org.openide.modules &gt; 7.17.1, org.openide.util &gt; 8.19, org.openide.util.lookup &gt; 8.11, org.openide.windows &gt; 6.33.1, org.openide.dialogs &gt; 7.8.1" OpenIDE-Module-Name="Java ME SDK Update Center" OpenIDE-Module-Requires="org.openide.modules.ModuleFormat1" OpenIDE-Module-Specification-Version="8.3"/>
    
</module>

<module codenamebase="org.netbeans.modules.javame.welcome" distribution="org-netbeans-modules-javame-welcome.nbm" downloadsize="93337" homepage="" license="729249C5" moduleauthor="" needsrestart="false" releasedate="2016/04/17">
    <manifest AutoUpdate-Essential-Module="false" AutoUpdate-Show-In-Client="false" OpenIDE-Module="org.netbeans.modules.javame.welcome" OpenIDE-Module-Display-Category="Java ME SDK Tools" OpenIDE-Module-Implementation-Version="160417" OpenIDE-Module-Java-Dependencies="Java &gt; 1.5" OpenIDE-Module-Long-Description="The Welcome module provides a screen with introductory information about using Java ME SDK. The screen appears when you start Java ME SDK for the first time. You can choose basic commands and open help topics directly from this screen." OpenIDE-Module-Module-Dependencies="org.netbeans.modules.javame.common &gt; 8.3, org.netbeans.modules.options.api/1 &gt; 1.12.2, org.netbeans.modules.projectapi/1 &gt; 1.13, org.netbeans.modules.projectuiapi/1 &gt; 1.35.1.6, org.openide.awt &gt; 6.5, org.openide.dialogs &gt; 7.10.1, org.openide.filesystems &gt; 6.2, org.openide.loaders &gt; 7.5.2, org.openide.modules &gt; 7.10.1, org.openide.nodes &gt; 7.9.2.1, org.openide.util &gt; 6.4, org.openide.util.lookup &gt; 8.3, org.openide.windows &gt; 6.2" OpenIDE-Module-Name="Java ME SDK Welcome Screen" OpenIDE-Module-Requires="org.openide.modules.ModuleFormat1" OpenIDE-Module-Short-Description="Shows welcome content after the first startup of Java ME SDK." OpenIDE-Module-Specification-Version="8.3"/>
    
</module>

<module autoload="true" codenamebase="org.netbeans.modules.javame.lib.log4j" distribution="org-netbeans-modules-javame-lib-log4j.nbm" downloadsize="133178" homepage="" license="729249C5" moduleauthor="" needsrestart="false" releasedate="2016/04/17">
    <manifest AutoUpdate-Show-In-Client="false" OpenIDE-Module="org.netbeans.modules.javame.lib.log4j" OpenIDE-Module-Display-Category="Java ME SDK Tools" OpenIDE-Module-Implementation-Version="160417" OpenIDE-Module-Java-Dependencies="Java &gt; 1.4" OpenIDE-Module-Name="Log4j Library" OpenIDE-Module-Requires="org.openide.modules.ModuleFormat1" OpenIDE-Module-Specification-Version="8.3"/>
    
</module>

<module codenamebase="org.netbeans.modules.javame.memprof" distribution="org-netbeans-modules-javame-memprof.nbm" downloadsize="50286" homepage="" license="729249C5" moduleauthor="" needsrestart="false" releasedate="2016/04/17">
    <manifest AutoUpdate-Show-In-Client="false" OpenIDE-Module="org.netbeans.modules.javame.memprof" OpenIDE-Module-Display-Category="Java ME SDK Tools" OpenIDE-Module-Implementation-Version="160417" OpenIDE-Module-Java-Dependencies="Java &gt; 1.6" OpenIDE-Module-Module-Dependencies="org.netbeans.modules.javame.common &gt; 8.3, org.netbeans.modules.javame.lib.deviceregistry &gt; 8.3, org.netbeans.modules.javame.lib.memmonitor &gt; 8.3, org.netbeans.modules.javame.lib.remoting &gt; 8.3, org.netbeans.modules.settings/1 &gt; 1.26, org.openide.awt &gt; 7.23, org.openide.dialogs &gt; 7.15.1, org.openide.filesystems &gt; 7.38.1, org.openide.loaders &gt; 7.37.1, org.openide.nodes &gt; 7.28.1, org.openide.util &gt; 8.6, org.openide.util.lookup &gt; 8.3, org.openide.windows &gt; 6.33" OpenIDE-Module-Name="Memory Monitor" OpenIDE-Module-Requires="org.openide.windows.WindowManager, org.openide.modules.ModuleFormat1" OpenIDE-Module-Specification-Version="8.3"/>
    
</module>

<module codenamebase="org.netbeans.modules.javame.netmon" distribution="org-netbeans-modules-javame-netmon.nbm" downloadsize="111420" homepage="" license="729249C5" moduleauthor="" needsrestart="false" releasedate="2016/04/17">
    <manifest AutoUpdate-Essential-Module="false" AutoUpdate-Show-In-Client="false" OpenIDE-Module="org.netbeans.modules.javame.netmon" OpenIDE-Module-Display-Category="Java ME SDK Tools" OpenIDE-Module-Implementation-Version="160417" OpenIDE-Module-Java-Dependencies="Java &gt; 1.5" OpenIDE-Module-Module-Dependencies="org.netbeans.modules.javame.lib.netmon &gt; 8.3, org.netbeans.modules.editor.mimelookup/1 &gt; 1.10, org.netbeans.modules.javame.lib.bootstrap &gt; 8.3, org.netbeans.modules.javame.lib.deviceregistry &gt; 8.3, org.netbeans.modules.javame.lib.remoting &gt; 8.3, org.openide.actions &gt; 6.8.0.1, org.openide.awt &gt; 7.3.0.1, org.openide.dialogs &gt; 7.8, org.openide.filesystems &gt; 7.13.0.1.1, org.openide.loaders &gt; 7.2, org.openide.nodes &gt; 7.7.0.1, org.openide.text &gt; 6.21, org.openide.util &gt; 7.17.0.1, org.openide.windows &gt; 6.24, org.netbeans.modules.javame.common &gt; 8.3, org.openide.modules &gt; 6.2, org.openide.util.lookup &gt; 8.3" OpenIDE-Module-Name="Network Monitor" OpenIDE-Module-Requires="org.openide.modules.ModuleFormat1" OpenIDE-Module-Specification-Version="8.3"/>
    
</module>

<module autoload="true" codenamebase="org.netbeans.modules.javame.lib.netmon" distribution="org-netbeans-modules-javame-lib-netmon.nbm" downloadsize="31821" homepage="" license="729249C5" moduleauthor="" needsrestart="false" releasedate="2016/04/17">
    <manifest AutoUpdate-Show-In-Client="false" OpenIDE-Module="org.netbeans.modules.javame.lib.netmon" OpenIDE-Module-Display-Category="Java ME SDK Tools" OpenIDE-Module-Implementation-Version="160417" OpenIDE-Module-Java-Dependencies="Java &gt; 1.4" OpenIDE-Module-Name="Network Monitor Library" OpenIDE-Module-Requires="org.openide.modules.ModuleFormat1" OpenIDE-Module-Specification-Version="8.3"/>
    
</module>

<module codenamebase="org.netbeans.modules.javame.profiler.j2me" distribution="org-netbeans-modules-javame-profiler-j2me.nbm" downloadsize="34391" homepage="" license="729249C5" moduleauthor="" needsrestart="false" releasedate="2016/04/17">
    <manifest AutoUpdate-Show-In-Client="false" OpenIDE-Module="org.netbeans.modules.javame.profiler.j2me" OpenIDE-Module-Display-Category="Java ME SDK Tools" OpenIDE-Module-Implementation-Version="160417" OpenIDE-Module-Java-Dependencies="Java &gt; 1.6" OpenIDE-Module-Module-Dependencies="org.apache.tools.ant.module/3 &gt; 3.41.1.2, org.netbeans.lib.profiler.common/1 &gt; 1.17.2, org.netbeans.modules.javame.memprof &gt; 8.3, org.netbeans.modules.javame.netmon &gt; 8.3, org.netbeans.modules.profiler/1-3 &gt; 3.21, org.netbeans.modules.profiler.api/1 &gt; 1.1.2, org.netbeans.modules.profiler.nbimpl/1 &gt; 1.1.2, org.netbeans.modules.project.ant/1 &gt; 1.37.1, org.netbeans.modules.projectapi/1 &gt; 1.31.1, org.netbeans.modules.projectuiapi/1 &gt; 1.47.2.8, org.openide.awt &gt; 7.23.1, org.openide.dialogs &gt; 7.15.1, org.openide.execution &gt; 1.18.1, org.openide.filesystems &gt; 7.38.1, org.openide.util &gt; 8.6.1, org.openide.util.lookup &gt; 8.3.1, org.openide.windows &gt; 6.24, org.netbeans.modules.javame.common &gt; 8.3, org.netbeans.modules.javame.lib.deviceregistry &gt; 8.3, org.netbeans.modules.javame.lib.netmon &gt; 8.3" OpenIDE-Module-Name="Profiler (Java ME Projects Support)" OpenIDE-Module-Requires="org.openide.modules.ModuleFormat1" OpenIDE-Module-Specification-Version="8.3"/>
    
</module>

<module autoload="true" codenamebase="org.netbeans.modules.javame.profiler.api" distribution="org-netbeans-modules-javame-profiler-api.nbm" downloadsize="21762" homepage="" license="729249C5" moduleauthor="" needsrestart="false" releasedate="2016/04/17">
    <manifest AutoUpdate-Show-In-Client="false" OpenIDE-Module="org.netbeans.modules.javame.profiler.api" OpenIDE-Module-Display-Category="Java ME SDK Tools" OpenIDE-Module-Implementation-Version="160417" OpenIDE-Module-Java-Dependencies="Java &gt; 1.4" OpenIDE-Module-Module-Dependencies="org.netbeans.modules.javame.lib.deviceregistry &gt; 8.3" OpenIDE-Module-Name="Profiler API Library" OpenIDE-Module-Requires="org.openide.modules.ModuleFormat1" OpenIDE-Module-Specification-Version="8.3"/>
    
</module>

<module autoload="true" codenamebase="org.netbeans.modules.javame.lib.projectexport" distribution="org-netbeans-modules-javame-lib-projectexport.nbm" downloadsize="26698" homepage="" license="729249C5" moduleauthor="" needsrestart="false" releasedate="2016/04/17">
    <manifest AutoUpdate-Show-In-Client="false" OpenIDE-Module="org.netbeans.modules.javame.lib.projectexport" OpenIDE-Module-Display-Category="Java ME SDK Tools" OpenIDE-Module-Implementation-Version="160417" OpenIDE-Module-Java-Dependencies="Java &gt; 1.4" OpenIDE-Module-Name="Project Export Library" OpenIDE-Module-Requires="org.openide.modules.ModuleFormat1" OpenIDE-Module-Specification-Version="8.3"/>
    
</module>

<module autoload="true" codenamebase="org.netbeans.modules.javame.securityeditor" distribution="org-netbeans-modules-javame-securityeditor.nbm" downloadsize="20075" homepage="" license="729249C5" moduleauthor="" needsrestart="false" releasedate="2016/04/17">
    <manifest AutoUpdate-Show-In-Client="false" OpenIDE-Module="org.netbeans.modules.javame.securityeditor" OpenIDE-Module-Display-Category="Java ME SDK Tools" OpenIDE-Module-Implementation-Version="160417" OpenIDE-Module-Java-Dependencies="Java &gt; 1.6" OpenIDE-Module-Module-Dependencies="org.netbeans.modules.javame.common &gt; 8.3, org.netbeans.modules.javame.lib.deviceregistry &gt; 8.3, org.netbeans.modules.javame.lib.securityeditor_standalone &gt; 8.3" OpenIDE-Module-Name="Security Editor" OpenIDE-Module-Requires="org.openide.modules.ModuleFormat1" OpenIDE-Module-Short-Description="Security Editor Netbeans Wrapper" OpenIDE-Module-Specification-Version="8.3"/>
    
</module>

<module autoload="true" codenamebase="org.netbeans.modules.javame.lib.securityeditor_standalone" distribution="org-netbeans-modules-javame-lib-securityeditor_standalone.nbm" downloadsize="42559" homepage="" license="729249C5" moduleauthor="" needsrestart="false" releasedate="2016/04/17">
    <manifest AutoUpdate-Show-In-Client="false" OpenIDE-Module="org.netbeans.modules.javame.lib.securityeditor_standalone" OpenIDE-Module-Display-Category="Java ME SDK Tools" OpenIDE-Module-Implementation-Version="160417" OpenIDE-Module-Java-Dependencies="Java &gt; 1.4" OpenIDE-Module-Module-Dependencies="org.netbeans.modules.javame.lib.deviceregistry &gt; 8.3, org.netbeans.modules.javame.lib.log4j &gt; 8.3, org.openide.util &gt; 7.15.0.1, org.openide.util.lookup &gt; 8.3, org.netbeans.modules.javame.lib.bootstrap &gt; 8.3" OpenIDE-Module-Name="Security Editor Standalone" OpenIDE-Module-Requires="org.openide.modules.ModuleFormat1" OpenIDE-Module-Short-Description="Shared capabilities of standalone security policy editor" OpenIDE-Module-Specification-Version="8.3"/>
    
</module>

<module autoload="true" codenamebase="org.netbeans.modules.javame.lib.uc_standalone" distribution="org-netbeans-modules-javame-lib-uc_standalone.nbm" downloadsize="60692" homepage="" license="729249C5" moduleauthor="" needsrestart="false" releasedate="2016/04/17">
    <manifest AutoUpdate-Show-In-Client="false" OpenIDE-Module="org.netbeans.modules.javame.lib.uc_standalone" OpenIDE-Module-Display-Category="Java ME SDK Tools" OpenIDE-Module-Implementation-Version="160417" OpenIDE-Module-Java-Dependencies="Java &gt; 1.4" OpenIDE-Module-Name="Update Center Core" OpenIDE-Module-Requires="org.openide.modules.ModuleFormat1" OpenIDE-Module-Specification-Version="8.3"/>
    
</module>

<module codenamebase="org.netbeans.modules.javame.common" distribution="org-netbeans-modules-javame-common.nbm" downloadsize="61381" homepage="" license="729249C5" moduleauthor="" needsrestart="false" releasedate="2016/04/17">
    <manifest AutoUpdate-Essential-Module="false" AutoUpdate-Show-In-Client="false" OpenIDE-Module="org.netbeans.modules.javame.common" OpenIDE-Module-Display-Category="Java ME SDK Tools" OpenIDE-Module-Implementation-Version="160417" OpenIDE-Module-Java-Dependencies="Java &gt; 1.5" OpenIDE-Module-Module-Dependencies="org.netbeans.api.mobility &gt; 8.7.1, org.netbeans.modules.java.platform/1 &gt; 1.12.1, org.netbeans.modules.javame.lib.bootstrap &gt; 8.3, org.netbeans.modules.javame.lib.deviceregistry &gt; 8.3, org.netbeans.modules.javame.lib.log4j &gt; 8.3, org.netbeans.modules.javame.lib.remoting &gt; 8.3, org.netbeans.modules.javame.lib.projectexport &gt; 8.3, org.netbeans.modules.project.ant/1 &gt; 1.24, org.netbeans.modules.projectapi/1 &gt; 1.19, org.netbeans.modules.projectuiapi/1 &gt; 1.31.0.6, org.openide.dialogs &gt; 7.10.1, org.openide.filesystems &gt; 7.9, org.openide.awt &gt; 7.3.0.1, org.openide.io &gt; 1.13, org.openide.util &gt; 8.4.1, org.openide.util.lookup &gt; 8.2.1, org.openide.modules &gt; 7.17.2, org.openide.windows &gt; 6.24, org.netbeans.modules.j2me.project &gt; 1.2" OpenIDE-Module-Name="Utilities" OpenIDE-Module-Requires="org.openide.modules.ModuleFormat1" OpenIDE-Module-Specification-Version="8.3"/>
    
</module>

<module codenamebase="org.netbeans.modules.javame.jsr205" distribution="org-netbeans-modules-javame-jsr205.nbm" downloadsize="55553" homepage="" license="729249C5" moduleauthor="" needsrestart="false" releasedate="2016/04/17">
    <manifest AutoUpdate-Essential-Module="false" AutoUpdate-Show-In-Client="false" OpenIDE-Module="org.netbeans.modules.javame.jsr205" OpenIDE-Module-Display-Category="Java ME SDK Tools" OpenIDE-Module-Implementation-Version="160417" OpenIDE-Module-Java-Dependencies="Java &gt; 1.5" OpenIDE-Module-Module-Dependencies="org.jdesktop.layout/1 &gt; 1.6, org.netbeans.modules.javame.common &gt; 8.3, org.netbeans.modules.javame.lib.deviceregistry &gt; 8.3, org.netbeans.modules.javame.lib.jsr205 &gt; 8.3, org.netbeans.modules.javame.lib.remoting &gt; 8.3, org.netbeans.modules.options.api/1 &gt; 1.10, org.openide.awt &gt; 7.2.0.1, org.openide.dialogs &gt; 7.8, org.openide.modules &gt; 7.7, org.openide.util &gt; 7.15.0.1, org.openide.util.lookup &gt; 8.3, org.openide.windows &gt; 6.23" OpenIDE-Module-Name="Wireless Messaging API 2.0 (JSR 205)" OpenIDE-Module-Requires="org.openide.modules.ModuleFormat1" OpenIDE-Module-Specification-Version="8.3"/>
    
</module>

<module autoload="true" codenamebase="org.netbeans.modules.javame.lib.jsr205" distribution="org-netbeans-modules-javame-lib-jsr205.nbm" downloadsize="45311" homepage="" license="729249C5" moduleauthor="" needsrestart="false" releasedate="2016/04/17">
    <manifest AutoUpdate-Show-In-Client="false" OpenIDE-Module="org.netbeans.modules.javame.lib.jsr205" OpenIDE-Module-Display-Category="Java ME SDK Tools" OpenIDE-Module-Implementation-Version="160417" OpenIDE-Module-Java-Dependencies="Java &gt; 1.4" OpenIDE-Module-Module-Dependencies="org.netbeans.modules.javame.lib.deviceregistry &gt; 8.3, org.netbeans.modules.javame.lib.log4j &gt; 8.3, org.netbeans.modules.javame.lib.remoting &gt; 8.3" OpenIDE-Module-Name="Wireless Messaging API 2.0 (JSR 205) Library" OpenIDE-Module-Requires="org.openide.modules.ModuleFormat1" OpenIDE-Module-Specification-Version="8.3"/>
    
</module>

</module_group>

<license name="729249C5" url="licenses/729249C5.license"/>
</module_updates>

